cbsa_fips,cbsa,population_2015,clusterm_10,clusterm_18
35620,"New York-Newark-Jersey City, NY-NJ-PA",19999935,8,15
31080,"Los Angeles-Long Beach-Anaheim, CA",13250999,8,15
16980,"Chicago-Naperville-Elgin, IL-IN-WI",9557880,2,2
19100,"Dallas-Fort Worth-Arlington, TX",7109280,3,3
26420,"Houston-The Woodlands-Sugar Land, TX",6676565,3,3
47900,"Washington-Arlington-Alexandria, DC-VA-MD-WV",6082465,8,12
37980,"Philadelphia-Camden-Wilmington, PA-NJ-DE-MD",6057621,8,15
33100,"Miami-Fort Lauderdale-West Palm Beach, FL",5998284,3,3
12060,"Atlanta-Sandy Springs-Roswell, GA",5688284,3,3
14460,"Boston-Cambridge-Newton, MA-NH",4779753,8,12
41860,"San Francisco-Oakland-Hayward, CA",4649539,8,15
38060,"Phoenix-Mesa-Scottsdale, AZ",4581122,3,3
40140,"Riverside-San Bernardino-Ontario, CA",4465232,7,11
19820,"Detroit-Warren-Dearborn, MI",4309845,2,2
42660,"Seattle-Tacoma-Bellevue, WA",3738316,3,3
33460,"Minneapolis-St. Paul-Bloomington, MN-WI",3519501,3,3
41740,"San Diego-Carlsbad, CA",3284061,3,3
45300,"Tampa-St. Petersburg-Clearwater, FL",2969251,3,3
19740,"Denver-Aurora-Lakewood, CO",2813514,3,3
41180,"St. Louis, MO-IL",2807498,2,2
12580,"Baltimore-Columbia-Towson, MD",2790285,8,12
16740,"Charlotte-Concord-Gastonia, NC-SC",2422408,3,3
36740,"Orlando-Kissimmee-Sanford, FL",2387554,3,3
38900,"Portland-Vancouver-Hillsboro, OR-WA",2382370,3,3
41700,"San Antonio-New Braunfels, TX",2380630,1,14
38300,"Pittsburgh, PA",2347907,2,2
40900,"Sacramento--Roseville--Arden-Arcade, CA",2264065,3,3
17140,"Cincinnati, OH-KY-IN",2157640,2,2
29820,"Las Vegas-Henderson-Paradise, NV",2098105,3,3
28140,"Kansas City, MO-KS",2085979,1,14
17460,"Cleveland-Elyria, OH",2064284,2,2
18140,"Columbus, OH",2027559,1,14
12420,"Austin-Round Rock, TX",2002591,3,3
26900,"Indianapolis-Carmel-Anderson, IN",1985844,1,14
41940,"San Jose-Sunnyvale-Santa Clara, CA",1975724,10,16
34980,"Nashville-Davidson--Murfreesboro--Franklin, TN",1829347,1,14
47260,"Virginia Beach-Norfolk-Newport News, VA-NC",1719838,4,4
39300,"Providence-Warwick, RI-MA",1613051,8,12
33340,"Milwaukee-Waukesha-West Allis, WI",1576781,8,12
27260,"Jacksonville, FL",1444715,1,14
36420,"Oklahoma City, OK",1358012,1,14
32820,"Memphis, TN-MS-AR",1343842,1,14
31140,"Louisville/Jefferson County, KY-IN",1278977,1,14
39580,"Raleigh, NC",1271196,3,3
40060,"Richmond, VA",1269483,1,14
35380,"New Orleans-Metairie, LA",1260452,2,17
25540,"Hartford-West Hartford-East Hartford, CT",1211598,8,12
41620,"Salt Lake City, UT",1165246,3,3
13820,"Birmingham-Hoover, AL",1144734,2,5
15380,"Buffalo-Cheektowaga-Niagara Falls, NY",1132909,2,2
40380,"Rochester, NY",1076800,2,2
24340,"Grand Rapids-Wyoming, MI",1040441,5,9
46060,"Tucson, AZ",1009737,3,3
46140,"Tulsa, OK",981521,1,14
23420,"Fresno, CA",970442,7,11
14860,"Bridgeport-Stamford-Norwalk, CT",945301,8,12
49340,"Worcester, MA-CT",934848,2,2
36540,"Omaha-Council Bluffs, NE-IA",913201,5,9
10740,"Albuquerque, NM",906548,3,3
10580,"Albany-Schenectady-Troy, NY",879131,2,2
12540,"Bakersfield, CA",877197,7,11
24860,"Greenville-Anderson-Mauldin, SC",872598,1,1
28940,"Knoxville, TN",860324,1,1
35300,"New Haven-Milford, CT",860292,8,12
37100,"Oxnard-Thousand Oaks-Ventura, CA",846922,10,16
32580,"McAllen-Edinburg-Mission, TX",841061,7,11
21340,"El Paso, TX",837500,7,11
10900,"Allentown-Bethlehem-Easton, PA-NJ",830361,4,4
12940,"Baton Rouge, LA",828211,1,14
17900,"Columbia, SC",809244,1,14
19380,"Dayton, OH",800198,2,2
35840,"North Port-Sarasota-Bradenton, FL",767429,9,13
24660,"Greensboro-High Point, NC",751724,1,14
16700,"Charleston-North Charleston, SC",745188,1,14
30780,"Little Rock-North Little Rock-Conway, AR",730897,1,14
44700,"Stockton-Lodi, CA",721929,7,11
10420,"Akron, OH",704448,2,2
15980,"Cape Coral-Fort Myers, FL",699530,3,3
17820,"Colorado Springs, CO",697533,5,6
14260,"Boise City, ID",674874,3,3
45060,"Syracuse, NY",657633,2,2
49180,"Winston-Salem, NC",656352,1,1
29460,"Lakeland-Winter Haven, FL",648758,9,13
48620,"Wichita, KS",643257,5,9
36260,"Ogden-Clearfield, UT",640517,5,6
31540,"Madison, WI",640028,6,8
44140,"Springfield, MA",629998,2,2
19780,"Des Moines-West Des Moines, IA",622992,5,9
19660,"Deltona-Daytona Beach-Ormond Beach, FL",621338,9,13
45780,"Toledo, OH",605182,2,2
12260,"Augusta-Richmond County, GA-SC",589476,1,1
39340,"Provo-Orem, UT",583191,5,6
27140,"Jackson, MS",579595,1,14
37340,"Palm Bay-Melbourne-Titusville, FL",565992,9,13
25420,"Harrisburg-Carlisle, PA",564752,2,2
42540,"Scranton--Wilkes-Barre--Hazleton, PA",557690,2,5
20500,"Durham-Chapel Hill, NC",549596,6,10
49660,"Youngstown-Warren-Boardman, OH-PA",548873,2,5
16860,"Chattanooga, TN-GA",547295,1,1
44060,"Spokane-Spokane Valley, WA",545380,5,6
29540,"Lancaster, PA",535737,5,9
33700,"Modesto, CA",533534,7,11
38860,"Portland-South Portland, ME",525926,5,9
22220,"Fayetteville-Springdale-Rogers, AR-MO",514579,1,14
30460,"Lexington-Fayette, KY",501668,1,14
42220,"Santa Rosa, CA",501346,10,16
29180,"Lafayette, LA",489537,1,14
37860,"Pensacola-Ferry Pass-Brent, FL",475563,5,6
29620,"Lansing-East Lansing, MI",472839,2,2
47300,"Visalia-Porterville, CA",457803,7,11
44180,"Springfield, MO",455512,5,6
38940,"Port St. Lucie, FL",453066,9,13
18580,"Corpus Christi, TX",452557,1,1
39900,"Reno, NV",446606,3,3
11700,"Asheville, NC",444673,1,1
26620,"Huntsville, AL",444560,1,14
43340,"Shreveport-Bossier City, LA",444104,1,1
42200,"Santa Maria-Santa Barbara, CA",442522,10,16
49620,"York-Hanover, PA",441800,5,9
46700,"Vallejo-Fairfield, CA",433708,10,16
28660,"Killeen-Temple, TX",432750,1,1
41500,"Salinas, CA",431241,10,16
34820,"Myrtle Beach-Conway-North Myrtle Beach, SC-NC",431167,9,13
23060,"Fort Wayne, IN",428843,5,9
15180,"Brownsville-Harlingen, TX",420058,7,11
39740,"Reading, PA",415193,4,4
33660,"Mobile, AL",414935,1,1
22420,"Flint, MI",410470,2,2
13140,"Beaumont-Port Arthur, TX",409098,1,1
31700,"Manchester-Nashua, NH",408811,3,3
41420,"Salem, OR",408278,5,6
15940,"Canton-Massillon, OH",402428,2,5
41540,"Salisbury, MD-DE",393535,1,1
25060,"Gulfport-Biloxi-Pascagoula, MS",388344,1,1
22180,"Fayetteville, NC",384006,1,1
19340,"Davenport-Moline-Rock Island, IA-IL",383599,5,9
42340,"Savannah, GA",377837,1,14
45220,"Tallahassee, FL",377671,1,14
37900,"Peoria, IL",377165,5,9
33860,"Montgomery, AL",373359,1,1
45940,"Trenton, NJ",368352,8,12
25860,"Hickory-Lenoir-Morganton, NC",363367,1,1
11460,"Ann Arbor, MI",363109,6,8
21660,"Eugene, OR",362047,1,14
26580,"Huntington-Ashland, WV-KY-OH",361050,2,5
34940,"Naples-Immokalee-Marco Island, FL",356107,9,13
36100,"Ocala, FL",342335,9,13
40420,"Rockford, IL",340828,4,4
28020,"Kalamazoo-Portage, MI",334780,2,2
22660,"Fort Collins, CO",333309,6,8
43900,"Spartanburg, SC",324316,1,1
30700,"Lincoln, NE",323131,6,8
43780,"South Bend-Mishawaka, IN-MI",319543,2,2
14500,"Boulder, CO",319175,6,8
24580,"Green Bay, WI",315694,5,9
21780,"Evansville, IN-KY",315001,2,5
40220,"Roanoke, VA",313205,1,1
17980,"Columbus, GA-AL",310293,1,1
31180,"Lubbock, TX",310029,1,14
28700,"Kingsport-Bristol-Bristol, TN-VA",306183,1,1
46540,"Utica-Rome, NY",293888,5,9
24540,"Greeley, CO",285033,5,6
22900,"Fort Smith, AR-OK",280496,1,1
42020,"San Luis Obispo-Paso Robles-Arroyo Grande, CA",280171,10,16
17300,"Clarksville, TN-KY",279843,1,1
20260,"Duluth, MN-WI",279166,5,9
28420,"Kennewick-Richland, WA",279095,5,6
21500,"Erie, PA",278182,2,5
48900,"Wilmington, NC",276895,1,14
23540,"Gainesville, FL",276546,6,10
42100,"Santa Cruz-Watsonville, CA",273730,10,16
12100,"Atlantic City-Hammonton, NJ",270471,4,4
29700,"Laredo, TX",270120,7,11
35980,"Norwich-New London, CT",269717,5,9
36500,"Olympia-Tumwater, WA",268014,5,6
32900,"Merced, CA",266651,7,11
16300,"Cedar Rapids, IA",266256,5,9
47380,"Waco, TX",262754,1,14
11100,"Amarillo, TX",261804,5,6
18880,"Crestview-Fort Walton Beach-Destin, FL",260887,5,6
25180,"Hagerstown-Martinsburg, MD-WV",260799,1,1
14740,"Bremerton-Silverdale, WA",259320,4,4
17780,"College Station-Bryan, TX",250765,6,10
43620,"Sioux Falls, SD",250053,5,9
49420,"Yakima, WA",248065,1,1
13780,"Binghamton, NY",245154,2,2
46220,"Tuscaloosa, AL",240530,1,14
16580,"Champaign-Urbana, IL",239109,6,10
45820,"Topeka, KS",233580,5,6
11540,"Appleton, WI",233229,5,9
22020,"Fargo, ND-MN",232880,6,10
31420,"Macon, GA",229849,2,5
16820,"Charlottesville, VA",228622,6,10
17020,"Chico, CA",224812,5,6
46340,"Tyler, TX",222447,5,6
39140,"Prescott, AZ",220845,9,13
16620,"Charleston, WV",220390,2,5
30980,"Longview, TX",217260,1,1
15540,"Burlington-South Burlington, VT",217137,6,10
29200,"Lafayette-West Lafayette, IN",215355,6,10
29740,"Las Cruces, NM",214151,1,14
40340,"Rochester, MN",213859,5,9
12700,"Barnstable Town, MA",213811,9,13
26380,"Houma-Thibodaux, LA",212119,1,1
13380,"Bellingham, WA",211940,5,6
32780,"Medford, OR",211432,5,6
44100,"Springfield, IL",211239,5,6
22500,"Florence, SC",206259,1,1
49740,"Yuma, AZ",205456,9,13
29340,"Lake Charles, LA",205252,1,1
21140,"Elkhart-Goshen, IN",203024,5,9
12020,"Athens-Clarke County, GA",202533,6,10
27740,"Johnson City, TN",200281,1,1
37460,"Panama City, FL",197315,5,6
41060,"St. Cloud, MN",195302,5,9
39540,"Racine, WI",194710,5,9
40980,"Saginaw, MI",193314,2,5
27340,"Jacksonville, NC",193037,1,1
23580,"Gainesville, GA",192458,1,1
14010,"Bloomington, IL",189341,5,9
47580,"Warner Robins, GA",187664,1,1
31340,"Lynchburg, VA",181877,5,9
13980,"Blacksburg-Christiansburg-Radford, VA",181345,6,10
28740,"Kingston, NY",179692,5,9
33740,"Monroe, LA",179369,1,1
20940,"El Centro, CA",179179,7,11
39820,"Redding, CA",178361,5,6
27900,"Joplin, MO",176699,5,9
24780,"Greenville, NC",176098,1,14
17860,"Columbia, MO",174585,6,10
13460,"Bend-Redmond, OR",174244,5,6
20100,"Dover, DE",173129,4,4
34740,"Muskegon, MI",172462,4,4
39460,"Punta Gorda, FL",172437,9,13
47940,"Waterloo-Cedar Falls, IA",170855,5,9
45460,"Terre Haute, IN",170438,2,5
10180,"Abilene, TX",169704,1,1
14540,"Bowling Green, KY",169488,1,1
49700,"Yuba City, CA",169471,7,11
36780,"Oshkosh-Neenah, WI",169270,5,9
43580,"Sioux City, IA-NE-SD",168643,5,9
33260,"Midland, TX",168012,3,3
13740,"Billings, MT",167755,5,6
26980,"Iowa City, IA",167078,6,10
20740,"Eau Claire, WI",165535,5,9
14020,"Bloomington, IN",165050,6,10
39380,"Pueblo, CO",163111,1,1
27500,"Janesville-Beloit, WI",161052,5,9
44300,"State College, PA",160442,6,10
36220,"Odessa, TX",159933,1,1
27100,"Jackson, MI",159292,2,5
15500,"Burlington, NC",157100,1,1
12220,"Auburn-Opelika, AL",157009,6,10
35660,"Niles-Benton Harbor, MI",155071,5,9
47220,"Vineland-Bridgeton, NJ",154838,4,4
41100,"St. George, UT",154680,5,6
10780,"Alexandria, LA",154102,1,1
31460,"Madera, CA",153739,7,11
10500,"Albany, GA",153604,1,1
19460,"Decatur, AL",152419,1,1
12620,"Bangor, ME",151949,6,10
27620,"Jefferson City, MO",150902,5,6
25260,"Hanford-Corcoran, CA",150199,7,11
48660,"Wichita Falls, TX",150149,1,1
45500,"Texarkana, TX-AR",149827,1,1
17660,"Coeur d'Alene, ID",149395,5,6
33780,"Monroe, MI",149386,5,9
25620,"Hattiesburg, MS",148655,6,10
24300,"Grand Junction, CO",148227,5,6
42140,"Santa Fe, NM",148206,5,6
21060,"Elizabethtown-Fort Knox, KY",148184,1,1
20020,"Dothan, AL",148010,1,1
40580,"Rocky Mount, NC",147549,1,1
42680,"Sebastian-Vero Beach, FL",147478,9,13
22520,"Florence-Muscle Shoals, AL",146847,1,1
48540,"Wheeling, WV-OH",144144,2,5
46660,"Valdosta, GA",143329,1,1
39660,"Rapid City, SD",143284,5,6
19140,"Dalton, GA",143127,1,1
34900,"Napa, CA",141096,10,16
26820,"Idaho Falls, ID",139620,5,6
22380,"Flagstaff, AZ",139024,6,10
34060,"Morgantown, WV",138550,6,10
30140,"Lebanon, PA",137491,5,9
29100,"La Crosse-Onalaska, WI-MN",136407,5,9
27780,"Johnstown, PA",136029,2,5
44220,"Springfield, OH",135740,2,5
48140,"Wausau, WI",135289,5,9
12980,"Battle Creek, MI",134339,5,9
49020,"Winchester, VA-WV",134297,1,1
30860,"Logan, UT-ID",132728,6,10
25500,"Harrisonburg, VA",131208,1,1
30020,"Lawton, OK",130038,1,1
13900,"Bismarck, ND",129661,5,6
27180,"Jackson, TN",129276,1,1
27860,"Jonesboro, AR",128435,1,1
22140,"Farmington, NM",128261,7,11
38340,"Pittsfield, MA",127857,5,9
41140,"St. Joseph, MO-KS",126807,2,5
24020,"Glens Falls, NY",126636,5,9
43300,"Sherman-Denison, TX",125647,1,1
11020,"Altoona, PA",124585,2,5
24140,"Goldsboro, NC",124428,1,1
31900,"Mansfield, OH",121702,2,5
34580,"Mount Vernon-Anacortes, WA",121604,5,6
48260,"Weirton-Steubenville, WV-OH",120662,2,5
17420,"Cleveland, TN",120485,1,1
41660,"San Angelo, TX",119044,1,1
29940,"Lawrence, KS",118222,6,7
36980,"Owensboro, KY",117565,1,1
34100,"Morristown, TN",116356,1,1
15260,"Brunswick, GA",115822,2,5
34620,"Muncie, IN",115765,2,5
48300,"Wenatchee, WA",115682,5,6
48700,"Williamsport, PA",115576,5,9
11500,"Anniston-Oxford-Jacksonville, AL",115536,2,5
43100,"Sheboygan, WI",115239,5,9
33540,"Missoula, MT",114114,6,7
28100,"Kankakee, IL",111758,5,9
33140,"Michigan City-La Porte, IN",110853,2,5
19500,"Decatur, IL",107363,2,5
44940,"Sumter, SC",107173,1,1
30340,"Lewiston-Auburn, ME",107155,5,9
13020,"Bay City, MI",105281,2,5
30620,"Lima, OH",104069,2,5
31020,"Longview, WA",103050,5,6
27060,"Ithaca, NY",103018,6,7
23460,"Gadsden, AL",103003,2,5
22540,"Fond du Lac, WI",101951,5,9
24220,"Grand Forks, ND-MN",101881,6,7
19060,"Cumberland, MD-WV",99846,2,5
47020,"Victoria, TX",99688,1,1
26300,"Hot Springs, AR",97816,9,13
16940,"Cheyenne, WY",97006,5,6
20220,"Dubuque, IA",96884,5,9
11180,"Ames, IA",96605,6,7
40660,"Rome, GA",96200,1,1
36140,"Ocean City, NJ",94180,9,18
38220,"Pine Bluff, AR",94018,1,1
37620,"Parkersburg-Vienna, WV",92131,2,5
18700,"Corvallis, OR",88270,6,7
21300,"Elmira, NY",86718,2,5
38540,"Pocatello, ID",84216,5,6
29020,"Kokomo, IN",82340,5,9
16220,"Casper, WY",82123,5,6
24500,"Great Falls, MT",81887,1,1
18020,"Columbus, IN",81473,5,9
25980,"Hinesville, GA",79286,1,1
19180,"Danville, IL",79173,2,5
30300,"Lewiston, ID-WA",62102,5,6
16180,"Carson City, NV",54069,5,6
